(True/False) Machine Learning is a subset of Artificial Intelligence,"['False', 'True']",['True']
(True/False) Deep Learning is a subset of Machine Learning,"['False', 'True']",['True']
(True/False) Machine Learning consists in programming computers to learn from real-time human interactions,"['False', 'True']",['False']
(True/False) AI Winters happened mostly due to the lack of understanding behind the theory of neural networks,"['True', 'False']",['True']
"Most modern applications that use computer vision, use models that were trained using this discipline:","['Machine Learning', 'Artificial Intelligence', 'Deep Learning']",['Deep Learning']
"In the Machine Learning Workflow, the main goal of the Data Exploration and Preprocessing step is to:","['Identify what data that is best suited to find a solution to your business problem', 'Determine how to clean your data such that you can use it to train a model']",['Determine how to clean your data such that you can use it to train a model']
What is the goal of supervised learning?,"['Find the target.', 'Find an underlying structure of the dataset without any labels.', 'Predict the labels.', 'Predict the features.']",['Predict the labels.']
What is deep learning?,"['Deep learning is machine learning that involves deep neural networks.', 'Deep learning is another name for artificial intelligence.', 'Deep learning includes artificial intelligence and machine learning.', 'None of the above are correct.']",['Deep learning is machine learning that involves deep neural networks.']
When is a standard machine learning algorithm usually a better choice than using deep learning to get the job done?,"['When working with small data sets.', 'When the data is steady over time.', 'When working with large data sets.', 'None of the above are correct.']",['When working with small data sets.']
What is a Turing test?,"['It tests images.', 'It tests and cleans the dataset.', ""It tests a machine's ability to exhibit intelligent behavior."", 'It tests the dataset.']","[""It tests a machine's ability to exhibit intelligent behavior.""]"
What are some of the different milestones in deep learning history?,"['Deep Blue defeats a world champion chess player, and AlexNet is created.', 'Deep Blue defeats a world champion chess player and TensorFlow is released', 'Geoffrey Hinton’s work, AlexNet, and TensorFlow', 'Deep Blue defeats a world champion chess player, and Keras is released.']","['Geoffrey Hinton’s work, AlexNet, and TensorFlow']"
What is artificial intelligence?,"['A subset of deep learning.', 'Any program that can sense, reason, act, and adapt.', 'A subset of machine learning', 'None of the above.']","['Any program that can sense, reason, act, and adapt.']"
What are two spaces within AI that are going through drastic growth and innovation?,"['Deep learning and machine learning.', 'Computer vision and deep learning.', 'Computer vision and natural language processing.', 'Language processing and deep learning.']",['Computer vision and natural language processing.']
Why did AI flourish so much in the last years?,"['Data storage in the cloud is much more expensive', 'Faster and inexpensive computers and data storage', 'Access to hardware for cleaning data', 'Stylish designed computers']",['Faster and inexpensive computers and data storage']
How does Alexa use artificial intelligence?,"['Recognizes faces and pictures.', 'Recognizes our voice and answers questions.', 'Suggests who a person on a photo is.', 'None of the above answers are correct.']",['Recognizes our voice and answers questions.']
What are the first two steps of a typical machine learning workflow?,"['Problem statement and data cleaning.', 'Problem statement and data collection.', 'Data collection and data transformation.', 'None of the above answers is correct.']",['Problem statement and data collection.']
Which statement about the Pandas read_csv function is TRUE?,"['It can only read comma-delimited data.', 'It reads data into a 2-dimensional NumPy array.', 'It allows only one argument: the name of the file.', 'It can read both tab-delimited and space-delimited data.']",['It can read both tab-delimited and space-delimited data.']
Which of the following is a reason to use JavaScript Object Notation (JSON) files for storing data?,"['Because the data is stored in a matrix format.', 'Because they can store NA values.', 'Because they can store NULL values.', 'Because they are cross-platform compatible.']",['Because they are cross-platform compatible.']
"The data below appears in 'data.txt', and Pandas has been imported. Which Python command will read it correctly into a Pandas DataFrame? 

63.03 22.55 39.61 40.48 98.67 -0.25 AB
39.06 10.06 25.02 29 114.41 4.56 AB
68.83 22.22 50.09 46.61 105.99 -3.53 AB","[""pandas.read_csv('data.txt')"", ""pandas.read_csv('data.txt', header=None, sep=' ')"", ""pandas.read_csv('data.txt', delim_whitespace=True)"", ""pandas.read_csv('data.txt', header=0, delim_whitespace=True)""]","[""pandas.read_csv('data.txt', header=None, sep=' ')""]"
(True/False) Outliers must be very extreme to noticeably impact the fit of a statistical model.,"['True', 'False']",['False']
"(True/False) Outliers should always be replaced, since they never contain useful information about the data.","['True', 'False']",['False']
"Which residual-based approach to identifying outliers compares running a model with all data to running the same model, but dropping a single observation?","['Standardized residuals', 'Unstandardized residuals', 'Externally-studentized residuals', 'Abnormally-studentized residuals']",['Externally-studentized residuals']
What is a CSV file?,"['CSV files are rows of data or values separated by commas.', 'CSV files are a standard way to store data across platforms.', 'CSV makes data readily available for analytics, dashboards, and reports.', 'CSV is a method of JavaScript Object Notation.']",['CSV files are rows of data or values separated by commas.']
What are residuals?,"['Residuals are a method to standardize data.', 'Residuals are a method for handling identified outliers.', 'Residuals are the difference between the actual values and the values predicted by a given model.', 'Residuals are data removed from the dataframe.']",['Residuals are the difference between the actual values and the values predicted by a given model.']
"If removal of rows or columns of data is not an option, why must we ensure that information is assigned for missing data?","['Most models will not accept blank values in our data.', 'Information must be assigned to prevent outliers.', 'Missing data may bias the dataset.', 'Assigning information for missing data improves the accuracy of the dataset.']",['Most models will not accept blank values in our data.']
What are the two main data problems companies face when getting started with artificial intelligence/machine learning?,"['Outliers and duplicated data', 'Data sampling and categorization', 'Lack of training and expertise', 'Lack of relevant data and bad data']",['Lack of relevant data and bad data']
What does SQL stand for and what does it represent?,"['SQL stands for Sequential Query Language, and it represents a set of sequential databases with fixed schemas.', 'SQL stands for Structured Query Language, and it represents databases that are not relational, they vary in structure.', 'SQL stands for Structured Query Language, and it represents a set of relational databases with fixed schemas.', 'SQL stands for Sequential Query Language, and it represents a set of relational databases with fixed schemas.']","['SQL stands for Structured Query Language, and it represents a set of relational databases with fixed schemas.']"
What does NoSQL stand for and what does it represent?,"['NoSQL stands for Non-Structured Query Language, and it represents a set of relational databases with fixed schemas.', 'NoSQL stands for Non-Structured Query Language, and it represents a set of non-relational databases with varied schemas.', 'NoSQL stands for Not-only SQL, and it represents a set of databases that are relational, therefore, they have fixed structure.', 'NoSQL stands for Not-only SQL, and it represents a set of databases that are not relational, therefore, they vary in structure.']","['NoSQL stands for Not-only SQL, and it represents a set of databases that are not relational, therefore, they vary in structure.']"
What is a JSON file?,"['JSON stands for JavaScript Object Notation, and it is a standard way to store the data across platforms.', 'JSON stands for JavaString Object Notation, and they have very similar structure to Python Dictionaries.', 'JSON stands for JavaString Object Notation, and it is a standard way to store the data across platforms.', 'JSON stands for JavaScript Object Notation, and it is a non-standard way to store the data across platforms.']","['JSON stands for JavaScript Object Notation, and it is a standard way to store the data across platforms.']"
What is meant by the Messy Data?,"['Duplicated or unnecessary data.', 'Inconsistent text and typos.', 'Missing data.', 'All of the above.']",['All of the above.']
What is an outlier?,"['Outlier is a data point that does not belong in our dataset.', 'Outlier is a data point that is very close to the mean value of all observations.', 'Outlier is a data point that has the highest or lowest value in the dataset.', 'Outlier is an observation in dataset that is distant from most other observations.']",['Outlier is an observation in dataset that is distant from most other observations.']
How do we identify outliers in our dataset?,"['We can only identify outliers visually through building plots.', 'We can identify outliers only by calculating the minimum and maximum values in the dataset.', 'We can only identify outliers by using some statistical calculations.', 'We can identify outliers both visually and with statistical calculations.']",['We can identify outliers both visually and with statistical calculations.']
"From the options listed below, select the option that is NOT a valid exploratory data approach to visually confirm whether your data is ready for modeling or if it needs further cleaning or data processing:","['Create a panel plot that shows distributions for the dependent variable and scatter plots for all independent variables', 'Train a model and identify the observations with the largest residuals', 'Create visualizations for scatter plots, histograms, box plots, and hexbin plots', 'Create a correlation heatmap to confirm the sign and magnitude of correlation across your features.']",['Create a correlation heatmap to confirm the sign and magnitude of correlation across your features.']
These are two of the most common variables for data visualization:,"['matplotlib and seaborn', 'scipy and seaborn', 'numpy and matplotlib', 'scipy and numpy']",['matplotlib and seaborn']
(True/False) You can use the pandas library to use plots.,"['True', 'False']",['True']
(True/False) Classification models require that input features be scaled.,"['True', 'False']",['False']
(True/False) Feature scaling allows better interpretation of distance-based approaches.,"['True', 'False']",['True']
(True/False) Feature scaling reduces distortions caused by variables with different scales.,"['True', 'False']",['True']
Which scaling approach converts features to standard normal variables?,"['MinMax scaling', 'Standard scaling', 'Nearest neighbor scaling', 'Robust scaling']",['Standard scaling']
Which variable transformation should you use for ordinal data?,"['Standard scaling', 'Ordinal encoding', 'Min-max scaling', 'One-hot encoding']",['Ordinal encoding']
What are polynomial features?,"['They are higher order relationships in the data.', 'They are represented by linear relationships in the data.', 'They are lower order relationships in the data.', 'They are logistic regression coefficients.']",['They are higher order relationships in the data.']
What does Boxcox transformation do?,"['It makes the data more right skewed.', 'It transforms categorical variables into numerical variables.', 'It transforms the data distribution into more symmetrical bell curve', 'It makes the data more left skewed']",['It transforms the data distribution into more symmetrical bell curve']
Select three important reasons why EDA is useful.,"['To examine correlations, to sample from dataframes, and to train models on random samples of data', 'To determine if the data makes sense, to determine whether further data cleaning is needed, and to help identify patterns and trends in the data', 'To analyze data sets, to determine the main characteristics of data sets, and to use sampling to examine data', 'To utilize summary statistics, to create visualizations, and to identify outliers']","['To determine if the data makes sense, to determine whether further data cleaning is needed, and to help identify patterns and trends in the data']"
What assumption does the linear regression model make about data?,"['This model assumes an addition of each one of the model parameters multiplied by a coefficient.', 'This model assumes a linear relationship between predictor variables and outcome variables.', 'This model assumes that raw data in data sets is on the same scale.', 'This model assumes a transformation of each parameter to a linear relationship.']",['This model assumes a linear relationship between predictor variables and outcome variables.']
What is skewed data?,"['Data that has a normal distribution.', 'Raw data that may not have a linear relationship.', 'Raw data that has undergone log transformation.', 'Data that is distorted away from normal distribution; may be positively or negatively skewed.']",['Data that is distorted away from normal distribution; may be positively or negatively skewed.']
Select the two primary types of categorical feature encoding.,"['One-hot encoding and ordinal encoding', 'Frequency encoding and label encoding', 'Log and polynomial transformation', 'Encoding and scaling']",['One-hot encoding and ordinal encoding']
Which scaling approach puts values between zero and one?,"['Standard scaling', 'Nearest neighbor scaling', 'Min-max scaling', 'Robust scaling']",['Min-max scaling']
Which variable transformation should you use for nominal data with multiple different values within the feature?,"['Standard scaling', 'One-hot encoding', 'Min-max scaling', 'Ordinal encoding']",['One-hot encoding']
"(True/False) In general, the population parameters are unknown.","['True.', 'False.']",['True.']
(True/False) Parametric models have finite number of parameters.,"['True.', 'False.']",['True.']
The most common way of estimating parameters in a parametric model is:,"['using the maximum likelihood estimation', 'using the central limit theorem', 'extrapolating a non-parametric model', 'extrapolating Bayesian statistics']",['using the maximum likelihood estimation']
A p-value is:,"['the smallest significance level at which the null hypothesis would be rejected', 'the probability of the null hypothesis being true', 'the probability of the null hypothesis being false', 'the smallest significance level at which the null hypothesis is accepted']",['the smallest significance level at which the null hypothesis would be rejected']
Type 1 Error 1 is defined as:,"['Saying the null hypothesis is false, when it is actually true', 'Saying the null hypothesis is true, when it is actually false']","['Saying the null hypothesis is false, when it is actually true']"
You find through a graph that there is a strong correlation between Net Promoter Score and the visual time that customers spend on a website. Select the TRUE assertion:,"['There is an underlying factor that explains this correlation, but manipulating the time that customers spend on a website may not affect the Net Promoter Score they will give to the company', 'To boost the Net Promoter Score of a business, you need to increase the time that customers spend on a website.']","['There is an underlying factor that explains this correlation, but manipulating the time that customers spend on a website may not affect the Net Promoter Score they will give to the company']"
Which one of the following is common to both machine learning and statistical inference?,"['Using population data to make inferences about a null sample.', 'Using sample data to make inferences about a hypothesis.', 'Using population data to model a null hypothesis.', 'Using sample data to infer qualities of the underlying population distribution.']",['Using sample data to infer qualities of the underlying population distribution.']
Which one of the following describes an approach to customer churn prediction stated in terms of probability?,"['Predicting a score for individuals that estimates the probability the customer will stay.', 'Churn prediction is a data-generating process representing the actual joint distribution between our x and the y variable.', 'Predicting a score for individuals that estimates the probability the customer will leave.', 'Data related to churn may include the target variable for whether a certain customer has left.']",['Predicting a score for individuals that estimates the probability the customer will leave.']
What is customer lifetime value?,"['The total churn generated by a customer over their lifetime.', 'The total churn a customer generates in the population.', 'The total value that the customer receives during their life.', 'The total purchases over the time which the person is a customer.']",['The total purchases over the time which the person is a customer.']
Which one the following statements about the normalized histogram of a variable is true?,"['It provides an estimate of the variable’s probability distribution.', 'It is a parametric representation of the population distribution.', 'It is a non-parametric representation of the population variance.', 'It serves as a bar chart for the null hypothesis.']",['It provides an estimate of the variable’s probability distribution.']
The outcome of rolling a fair die can be modelled as a _______ distribution.,"['uniform', 'normal', 'log-normal', 'Poisson']",['uniform']
Which one of the following features best distinguishes the Bayesian approach to statistics from the Frequentist approach?,"['Bayesian statistics is better than Frequentist.', 'Frequentist statistics requires construction of a prior distribution.', 'Frequentist statistics incorporates the probability of the hypothesis being true.', 'Bayesian statistics incorporate the probability of the hypothesis being true.']",['Bayesian statistics incorporate the probability of the hypothesis being true.']
Which of the following best describes what a hypothesis is?,"['A hypothesis is a statement about a prior distribution.', 'A hypothesis is a statement about a population.', 'A hypothesis is a statement about a posterior distribution.', 'A hypothesis is a statement about a sample of the population.']",['A hypothesis is a statement about a population.']
A Type 2 error in hypothesis testing is _____________________:,"['incorrectly accepting the null hypothesis.', 'correctly rejecting the alternative hypothesis.', 'incorrectly accepting the alternative hypothesis.', 'correctly rejecting the null hypothesis.']",['incorrectly accepting the null hypothesis.']
"Which statement best describes a consequence of a type II error in the context of a churn prediction example? Assume that the null hypothesis is that customer churn is due to chance, and that the alternative hypothesis is that customers enrolled for greater than two years will not churn over the next year.","['You correctly conclude that customer churn is by chance', 'You incorrectly conclude that there is no effect', 'You correctly conclude that a customer will eventually churn', 'You incorrectly conclude that customer churn is by chance']",['You incorrectly conclude that customer churn is by chance']
Which of the following is a statistic used for hypothesis testing?,"['The rejection region.', 'The acceptance region.', 'The likelihood ratio.', 'The standard deviation.']",['The likelihood ratio.']
"Predicting payment default, whether a transaction is fraudulent, and whether a customer will be part of the top 5% spenders on a given year, are examples of:","['classification', 'regression']",['classification']
"(True/False) It is less concerning to treat a Machine Learning model as a black box for prediction purposes, compared to interpretation purposes:","['True', 'False']",['True']
"Predicting total revenue, number of customers, and percentage of returning customers are examples of:","['classification', 'regression']",['regression']
(True/False) The Sum of Squared Errors (SSE) can be used to select the best-fitting regression model.,"['True', 'False']",['True']
(True/False) The R-squared value from estimating a linear regression model will almost always increase if more features are added.,"['True', 'False']",['True']
(True/False) The Total Sum of Squares (TSS) can be used to select the best-fitting regression model.,"['True', 'False']",['False']
"You can use supervised machine learning for all of the following examples, EXCEPT:","['Segment customers by their demographics.', 'Predict the number of customers that will visit a store on a given week.', 'Predict the probability of a customer returning to a store.', 'Interpret the main drivers that determine if a customer will return to a store.']",['Segment customers by their demographics.']
The autocorrect on your phone is an example of:,"['Unsupervised learning', 'Supervised learning', 'Semi-supervised learning', 'Reinforcement learning']",['Supervised learning']
Which of the following is the type of Machine Learning that uses only data with outcomes to build a model?,"['Supervised Machine Learning', 'Unsupervised Machine Learning', 'Mixed Machine Learning', 'Semi Supervised Learning']",['Supervised Machine Learning']
Which among the following options does not conform to the best practice of modelling in Supervised Machine learning?,"['Use the cost function to fit the model.', 'Use loss function to fit the model.', 'Develop multiple models.', 'Compare results and choose the best one.']",['Use loss function to fit the model.']
This is the syntax you need to predict new data after you have trained a linear regression model called LR :,"['LR=predict(X_test)', 'LR.predict(X_test)', 'LR.predict(LR, X_test)', 'predict(LR, X_test)']",['LR.predict(X_test)']
All of these options are useful error measures to compare regressions except:,"['SSE', 'R squared', 'TSS', 'ROC index']",['ROC index']
"All of the listed below are part of the Machine Learning Framework, except:","['Observations', 'Features', 'Parameters', 'None of the above']",['None of the above']
Select the option that is the most INACCURATE regarding the definition of Machine Learning:,"['Machine Learning allows computers to learn from data', 'Machine Learning allows computers to infer predictions for new data', 'Machine Learning is a subset of Artificial Intelligence', 'Machine Learning is automated and requires no programming']",['Machine Learning is automated and requires no programming']
"In Linear Regression, which statement is correct about Sum Squared Error?","['The Sum Squared Error measures the distance between the truth and predicted values.', 'The Sum Squared Error measures the distance between the truth and the  average values of the truth.', 'The Sum Squared  Error is a measure of the explained variation of our model.', 'The Sum Squared Error measures the distance between the predicted values and the average values of the truth.']",['The Sum Squared Error measures the distance between the truth and predicted values.']
When learning about regression we saw the outcome as a continuous number. Given the below options what is an example of regression?,"['A fraudulent charge', 'Under certain circumstances determine if a person is a Republican or Democrat', 'Customer churn', 'Housing prices']",['Housing prices']
What is another term for the testing data:,"['Training data', 'Unseen data', 'Corroboration data', 'Cross validation data']",['Unseen data']
(True/False) The ShuffleSplit will ensure that there is no bias in your outcome variable.,"['True', 'False']",['True']
Select the option that has the syntax to obtain the data splits you will need to train a model having a test split that is a third the size of your available data.,"['X_train, X_test, y_train, y_test = train_test_split(X, y, test_size=0.5)', 'X_train, X_test, y_train, y_test = train_test_split(X, y, test_size=0.33)', 'X_train, y_test = train_test_split(X, y, test_size=0.33)', 'X_train, y_test = train_test_split(X, y, test_size=0.5)']","['X_train, X_test, y_train, y_test = train_test_split(X, y, test_size=0.33)']"
What is the main goal of adding polynomial features to a linear regression?,"['Remove the linearity of the regression and turn it into a polynomial model.', 'Capture the relation of the outcome with features of higher order.', 'Increase the interpretability of a black box model.', 'Ensure similar results across all folds when using K-fold cross validation.']",['Capture the relation of the outcome with features of higher order.']
"What is the most common sklearn methods to add polynomial features to your data? 

Note: polyFeat = PolynomialFeatures(degree)","['polyFeat.add and polyFeat.transform', 'polyFeat.add and polyFeat.fit', 'polyFeat.fit and polyFeat.transform', 'polyFeat.transform']",['polyFeat.fit and polyFeat.transform']
How can you adjust the standard linear approach to regression when dealing with fundamental problems such as prediction or interpretation?,"['Create a class instance', 'Add some non-linear patterns, i.e., polynomial features', 'Import the transformation method', 'By transforming the data']","['Add some non-linear patterns, i.e., polynomial features']"
The main purpose of splitting your data into a training and test sets is:,"['To improve accuracy', 'To avoid overfitting', 'To improve regularization', 'To improve crossvalidation and overfitting']",['To avoid overfitting']
"Complete the following sentence: The training data is used to fit the model, while the test data is used to:","['measure the parameters and hyperparameters of the model', 'tweak the model hyperparameters', 'tweak the model parameters', 'measure error and performance of the model']",['measure error and performance of the model']
What term is used if your test data leaks into the training data?,"['Test leakage', 'Training leakage', 'Data leakage', 'Historical data leakage']",['Data leakage']
Which one of the below terms use a linear combination of features?,"['Binomial Regression', 'Linear Regression', 'Multiple Regression', 'Polynomial Regression']",['Linear Regression']
"When splitting your data, what is the purpose of the training data?","['Compare with the actual value', 'Fit the actual model and learn the parameters', 'Predict the label with the model', 'Measure errors']",['Fit the actual model and learn the parameters']
Polynomial features capture what effects?,"['Non-linear effects.', 'Linear effects.', 'Multiple effects.', 'Regression effects.']",['Non-linear effects.']
"Which fundamental problems are being solved by adding non-linear patterns, such as polynomial features, to a standard linear approach?","['Prediction.', 'Interpretation.', 'Prediction and Interpretation.', 'None of the above.']",['Prediction and Interpretation.']
A testing data could be also reffered to as:,"['Training data', 'Unseen data', 'Corroboration data', 'None of the above']",['Unseen data']
Select the correct syntax to obtain the data split that will result in a train set that is 60% of the size of your available data.,"['X_train, X_test, y_train, y_test = train_test_split(X, y, test_size=0.6)', 'X_train, X_test, y_train, y_test = train_test_split(X, y, test_size=0.4)', 'X_train, y_test = train_test_split(X, y, test_size=0.40)', 'X_train, y_test = train_test_split(X, y, test_size=0.6)']","['X_train, X_test, y_train, y_test = train_test_split(X, y, test_size=0.4)']"
What is the correct sklearn syntax to add a third degree polynomial to your model?,"['polyFeat = polyFeat.add(degree=3)', 'polyFeat = polyFeat.fit(degree=3)', 'polyFeat = PolynomialFeatures(degree=3)', 'polyFeat = polyFeat.transform(degree=3)']",['polyFeat = PolynomialFeatures(degree=3)']
"(True/False) In model complexity versus error diagram, the model compexity increases as the training error decreases.","['True', 'False']",['False']
"(True/False) In model complexity versus error diagram, there is an inflection point after which, as the cross validatio error increases, so does  the complexity of the model.","['True', 'False']",['True']
"(True/False) In the model complexity versus error diagram, the right side of the curve is where the model is underfitted and the left side of the curve, is where the model is overfitted.","['True', 'False']",['False']
"In K-fold cross-validation, how will increasing k affect the variance (across subsamples) of estimated model parameters?","['Increasing k will not affect the variance of estimated parameters.', 'Increasing k will usually reduce the variance of estimated parameters.', 'Increasing k will usually increase the variance of estimated parameters.', 'Increasing k will increase the variance of estimated parameters if models are underfit, but reduce it if models are overfit.']",['Increasing k will usually increase the variance of estimated parameters.']
Which statement about K-fold cross-validation below is TRUE?,"['Each subsample in K-fold cross-validation has at least k observations.', 'Each of the k subsamples in K-fold cross-validation is used as a training set.', 'Each of the k subsamples in K-fold cross-validation is used as a test set.', 'None of the above']",['Each of the k subsamples in K-fold cross-validation is used as a test set.']
"If a low-complexity model is underfitting during estimation, which of the following is MOST LIKELY true (holding the model constant) about K-fold cross-validation?","['Assuming there is enough training\xa0 data the number of folds in K-fold validation does not inherently result in underfitting.', 'K-cross-validation with a small k will reduce or eliminate underfitting.', 'K-fold cross-validation with a large k will reduce or eliminate underfitting.', 'None of the above.']",['Assuming there is enough training\xa0 data the number of folds in K-fold validation does not inherently result in underfitting.']
Which of the following statements about a high-complexity model in a linear regression setting is TRUE?,"['Cross-validation with a small k will reduce or eliminate overfitting.', 'A high variance of parameter estimates across cross-validation subsamples indicates likely overfitting.', 'A low variance of parameter estimates across cross-validation subsamples indicates likely overfitting.', 'Cross-validation with a large k will reduce or eliminate overfitting.']",['A high variance of parameter estimates across cross-validation subsamples indicates likely overfitting.']
"Reviewing the below graph, what is the model considered when associated with the left side of this curve before hitting the plateau?","['Overfitting', 'Linear regression', 'Cross validation error', 'Underfitting']",['Underfitting']
"Reviewing the below graph, what is the model considered when associated with the right side of the cross validation error?","['Overfitting', 'Polynomial regression', 'Training error', 'Underfitting']",['Overfitting']
"Which of the following functions perform K-fold cross-validation for us, appropriately fitting and transforming at every step of the way?","[""'cross_val'"", ""'cross_validation'"", ""'cross_validation_predict'"", ""'cross_val_predict'""]","[""'cross_val_predict'""]"
Which of the following statements about cross-validation is/are True?,"['Cross-validation is essential step in hyperparameter tuning.', 'We can manually generate folds by using  KFold function.', 'GridSearchCV is commontly used in cross-validation.', 'All of the above are True.']",['All of the above are True.']
Which of the following statements about GridSearchCV is/are True?,"['GridSearchCV scans over a dictionary of parameters.', 'GridSearchCV finds the hyperparameter set that has the best out-of-sample score.', 'GridSearchCV  retrains on all data with the ""best"" hyper-parameters.', 'All of the above are True.']",['All of the above are True.']
"Which of the below functions, randomly selects data to be in the train/test folds?","['`StratifiedKFold`', '`GroupKFold`', ""'KFold' and `StratifiedKFold`"", ""'KFold'""]","[""'KFold' and `StratifiedKFold`""]"
(True/False) The variance of a model is determined by the degree of irreducible error.,"['True', 'False']",['False']
"(True/False) As more variables are added to a model, both its complexity and its variance generally increase.","['True', 'False']",['True']
"(True/False) Model adjustments that decrease bias also decrease variance, leading to a bias-variance trade off.","['True', 'False']",['False']
"(True/False) Regularization zeroes out or gets model’s coefficients closer to zero and, in such a way, it avoids the data being overfitted.","['True', 'False']",['True']
(True/False) Scaling the features is not very important before using regularization techniques.,"['True', 'False']",['False']
(True/False) A model with high variance is characterized by sensitivity to small changes in input data.,"['True', 'False']",['True']
Which of the following statements about model complexity is TRUE?,"['Higher model complexity leads to a lower chance of overfitting.', 'Higher model complexity leads to a higher chance of overfitting.', 'Reducing the number of features while adding feature interactions leads to a lower chance of overfitting.', 'Reducing the number of features while adding feature interactions leads to a higher chance of overfitting.']",['Higher model complexity leads to a higher chance of overfitting.']
Which of the following statements about model errors is TRUE?,"['Underfitting is characterized by lower errors in both training and test samples.', 'Underfitting is characterized by higher errors in both training and test samples.', 'Underfitting is characterized by higher errors in training samples and lower errors in test samples.', 'Underfitting is characterized by lower errors in training samples and higher errors in test samples.']",['Underfitting is characterized by higher errors in both training and test samples.']
Which of the following statements about regularization is TRUE?,"['Regularization always reduces the number of selected features.', 'Regularization increases the likelihood of overfitting relative to training data.', 'Regularization decreases the likelihood of overfitting relative to training data.', 'Regularization performs feature selection without a negative impact in the likelihood of overfitting relative to the training data.']",['Regularization decreases the likelihood of overfitting relative to training data.']
Which of the following statements about scaling features prior to regularization is TRUE?,"['Feature scaling is not recommented prior to regularization.', 'Features should rarely or never be scaled prior to implementing regularization.', 'The larger a feature’s scale, the more likely its estimated impact will be influenced by regularization.', 'The smaller a feature’s scale, the more likely its estimated impact will be influenced by regularization.']","['The larger a feature’s scale, the more likely its estimated impact will be influenced by regularization.']"
"Which one of the 3 Regularization techniques: Ridge, Lasso, and Elastic Net, performs the fastest under the hood?","['Ridge', 'Lasso', 'Elastic Net', 'None of the above']",['Ridge']
Which of the following statements about Elastic Net regression is TRUE?,"['Elastic Net combines L1 and L2 regularization.', 'Elastic Net does not use L1 or L2 regularization.', 'Elastic Net uses L2 regularization, as with Ridge regression.', 'Elastic Net uses L1 regularization, as with Ridge regression.']",['Elastic Net combines L1 and L2 regularization.']
BOTH Ridge regression and Lasso regression,"['Do not adjust the cost function used to estimate a model.', 'Add a term to the loss function proportional to a regularization parameter.', 'Add a term to the loss function proportional to the square of parameter coefficients.', 'Add a term to the loss function proportional to the absolute value of parameter coefficients.']",['Add a term to the loss function proportional to a regularization parameter.']
"Compared with Lasso regression (assuming similar implementation), Ridge regression is:","['Less likely to overfit to training data.', 'More likely to overfit to training data.', 'Less likely to set feature coefficients to zero.', 'More likely to set feature coefficients to zero.']",['Less likely to set feature coefficients to zero.']
Which of the following about Ridge Regularization is TRUE?,"['It enforces the coefficients to be lower, but not 0', 'It minimizes irrelevant features', 'It penalizes the size  magnitude of the regression coefficients by adding a squared term', 'All of the above']",['All of the above']
Whixh of the below statements are correct?,"['Neither RidgeCV nor LassoCV use L1 regularization function.', 'Both RidgeCV and LassoCV use L1 regularization function.', 'Only RidgeCV use L1 regularization function.', 'Only LassoCV use L1 regularization function.']",['Only LassoCV use L1 regularization function.']
"(True/False) In Analytic View, increasing L2/L1 penalties force coefficients to be smaller, restricting their plausible range.","['True', 'False']",['True']
"(True/False) Under the Geometric formulation, the cost function minimum is found at the intersection of the penalty boundtry and a contour of the traditional OLS cost function surface.","['True', 'False']",['True']
"(True/False) Under the Probabilistic formulation, L2 (Ridge) regularization imposes Gaussian prior on the coefficients, while L1 (Lasso) regularization imposes Laplacian prior.","['True', 'False']",['True']
"When working with regularization, what is the view that illuminates the actual optimization problem and shows why LASSO generally zeros out coefficients?","['Analytical view', 'Geometric view', 'Probabilistic view', 'Regression view']",['Geometric view']
"When working with regularization, what is the view that recalibrates our understanding of LASSO and a Ridge, as a base problem, where coefficients have particular prior distributions?","['Probabilistic view', 'Geometric view', 'Analytical view', 'Regression view']",['Probabilistic view']
"When working with regularization, what is the logical view of how to achieve the goal of reducing complexity?","['Geometric view', 'Analytical view', 'Regression view', 'Probabilistic view']",['Analytical view']
All of the following statements about Regularization are TRUE except:,"['Optimizing predictive models is about finding the right bias/variance tradeoff.', 'Features should rarely or never be scaled prior to implementing regularization.', 'We need models that are sufficiently complex to capture patterns in data, but not so complex that they overfit.', 'Regularization techniques have an analytical, a geometric, and a probabilistic interpretation.']",['Features should rarely or never be scaled prior to implementing regularization.']
"When working with regularization and using the geometric formulation, what is found at the intersection of the penalty boundary and a contour of the traditional OLS cost function surface?","['The cost function minimum', 'A smaller range of coefficients', 'The prior distribution of β', 'A peaked density']",['The cost function minimum']
Which statement under the Probabilistic View is correct?,"['Regularization imposes certain errors on the regression coefficients. Feedback: Incorrect! Please review the further Details of Regularization lessons.', 'Regularization imposes certain priors on the regression coefficients.', 'Regularization uses some regression coefficients to inflate the errors.', 'Regularization coefficients do not take into consideration prior probabilities.']",['Regularization imposes certain priors on the regression coefficients.']
"Increasing L2/L1 penalties force coefficients to be smaller, restricting their plausible range. This statement is part of what View?","['Geometric View', 'Probabilistic View', 'Analytic View']",['Analytic View']
What does a higher lambda term mean in Regularization technique?,"['Higher lambda decreases variance, means smaller coefficients.', 'Higher lambda increases variance, means smaller coefficients.', 'Higher lambda decreases variance, means larger coefficients.', 'Higher lambda decreases prior probability.']","['Higher lambda decreases variance, means smaller coefficients.']"
What concept/s under Probabilistic View is/are True?,"['We can derive the posterior probability by knowing the probability of target and the prior distribution.', 'The prior distribution is derived from independent draws of a prior coefficient density function that we choose when regularizing.', 'L2 (ridge) regularization imposes a Gaussian prior on the coefficients, while L1 (lasso) regularization imposes a Laplacian prior.', 'All of the above']",['All of the above']
What statement is True?,"['We reduce the complexity of the model by minimizing the error on our training set.', 'By penalizing the cost function, we increase the complexity of the model.', 'The goal of Regularization is always going to be to optimize our complexity trade off, so we can minimize error on the hold-out set.', 'Introducing Regularization will increase bias and variance.']",['We reduce the complexity of the model by minimizing the error on our training set.']
Which statement about Logistic Regression is TRUE?,"['Logistic Regression is a generalized linear model.', 'Logistic Regression models can only predict variables with 2 classes.', 'Logistic Regression models can be used for classification but not for regression.', 'Logistic Regression models can be used for regression but not for classification.']",['Logistic Regression is a generalized linear model.']
"(True/False) Logistic regression is similar to a linear regression, except that it uses a logistic function to estimate probabilities of an observation belonging to a certain class or category.","['True', 'False']",['True']
Usually the first step to fit a logistic regression model using scikit learn is to:,"['import logistic regression from the sklearn.linear_model module

e.g. from sklearn.linear_model import LogisticRegression', 'import Logistic from the sklearn.regression module

e.g. from sklearn.regression import Logistic', 'import Logistic from the sklearn.linear_regression module

e.g. from sklearn.linear_regression import Logistic', 'import logistic regression from the sklearn.linearclassifer module

e.g. from sklearn.linearclassifer import LogisticRegression']","['import logistic regression from the sklearn.linear_model module

e.g. from sklearn.linear_model import LogisticRegression']"
The output of a logistic regression model applied to a data sample _____________.,"['is the probability of the sample being in a certain class.', 'tells you the odds of the sample belonging to a certain class.', 'tells you which class the sample belongs to.', 'is the log odds of the sample, which you can use for interpretive purposes.']",['is the probability of the sample being in a certain class.']
"Describe how any binary classification model can be extended from its basic form on two classes, to work on multiple classes.","['Use process of elimination to discard any unimportant classes.', 'Use a one-versus all technique, where for each class you fit a binary classifier to that class versus all of the other classes.', 'Use the coefficients from a linear regression model to weight the classes.', 'Fit the binary classifier to all of the classes simultaneously.']","['Use a one-versus all technique, where for each class you fit a binary classifier to that class versus all of the other classes.']"
Which tool is most appropriate for measuring the performance of a classifier on unbalanced classes?,"['The precision-recall curve.', 'The Receiver Operating Characteristic (ROC) curve.', 'The false positive rate.', 'The true positive rate.']",['The precision-recall curve.']
(True/False) One of the requirements of logistic regression is that you need a variable with two classes.,"['True', 'False']",['False']
(True/False) The shape of ROC curves are the leading indicator of an overfitted logistic regression.,"['True', 'False']",['False']
"Consider this scenario for Questions 3 to 7.

You are evaluating a binary classifier. There are 50 positive outcomes in the test data, and 100 observations. Using a 50% threshold, the classifier predicts 40 positive outcomes, of which 10 are incorrect.

What is the classifier’s Precision on the test sample?","['25%', '60%', '75%', '80%']",['75%']
"Consider this scenario for Questions 3 to 7.

You are evaluating a binary classifier. There are 50 positive outcomes in the test data, and 100 observations. Using a 50% threshold, the classifier predicts 40 positive outcomes, of which 10 are incorrect.

What is the classifier’s Recall on the test sample?","['25%', '60%', '75%', '80%']",['60%']
"Consider this scenario for Questions 3 to 7.

You  are evaluating a binary classifier. There are 50 positive outcomes in  the test data, and 100 observations. Using a 50% threshold, the  classifier predicts 40 positive outcomes, of which 10 are incorrect.

What is the classifier’s F1 score on the test sample?","['50%', '66.7%', '67.5%', '70%']",['66.7%']
"Consider this scenario for Questions 3 to 7.

You  are evaluating a binary classifier. There are 50 positive outcomes in  the test data, and 100 observations. Using a 50% threshold, the  classifier predicts 40 positive outcomes, of which 10 are incorrect.

Increasing the threshold to 60% results in 5 fewer positive predictions, all of which are correct. Which of the following statements about this new model (compared with the original model that had a 50% threshold) is TRUE?","['The F1 score of the classifier would decrease.', 'The area under the ROC curve would decrease.', 'The F1 score of the classifier would remain the same.', 'The area under the ROC curve would remain the same.']",['The area under the ROC curve would remain the same.']
"Consider this scenario for Questions 3 to 7.

You are evaluating a binary classifier. There are 50 positive outcomes in  the test data, and 100 observations. Using a 50% threshold, the  classifier predicts 40 positive outcomes, of which 10 are incorrect.

The threshold is now increased further, to 70%. Which of the following statements is TRUE?","['The Recall of the classifier would Increase.', 'The Precision of the classifier would decrease.', 'The Recall of the classifier would increase or remain the same.', 'The Precision of the classifier would increase or remain the same.']",['The Precision of the classifier would increase or remain the same.']
(True/False) A simplified way to interpret K Nearest Neighbors is by thinking of the output of this method as a decision boundary which is then used to classify new points.,"['True', 'False']",['True']
These are all characteristics of the k nearest neighbors algorithm EXCEPT:,"['It is sensitive to scaling', 'It determines decision boundaries to make predictions', 'It determines the value for k', 'It is well suited to predict variables with multiple classes']",['It determines the value for k']
(True/False) An advantage of k nearest neighbor methods is that they can leverage categorical data without encoding.,"['True', 'False']",['False']
Usually the first step to fit a k nearest neighbor classifier using scikit learn is to:,"['import KNN from the sklearn.knearestneighbors module

e.g. from sklearn.knearestneighbors import KNN', 'import KneighborsClassifier from the sklearn.neighbors module

e.g. from sklearn.neighbors import KNeighborsClassifier', 'import Classifier from the sklearn.nearestneighbors module

e.g. from sklearn.nearestneighbors import Classifier', 'import KNNClassifier from the sklearn.knearestneighbors module

e.g. from sklearn.knearestneighbors import KNNClassifier']","['import KneighborsClassifier from the sklearn.neighbors module

e.g. from sklearn.neighbors import KNeighborsClassifier']"
Which one of the following statements is true regarding K Nearest Neighbors?,"['The Manhattan distance between two data points is the square root of the sum of the squares of the differences between the individual feature values of the data points.', 'For high dimensional data, the best distance measure to use for KNN is the Euclidean distance.', 'K Nearest Neighbors (KNN) assumes that points which are close together are similar.', 'The distance between two data points is independent of the scale of their features.']",['K Nearest Neighbors (KNN) assumes that points which are close together are similar.']
Which one of the following statements is most accurate?,"['K nearest neighbors (KNN) needs to remember the entire training dataset in order to classify a new data sample.', 'KNN determines which points are closest to a given data point, so it doesn’t take long to actually perform prediction.', 'KNN only needs to remember the hyperplane coefficients to classify a new data sample.', 'Linear regression needs to remember the entire training dataset in order to make a prediction for a new data sample.']",['K nearest neighbors (KNN) needs to remember the entire training dataset in order to classify a new data sample.']
Which one of the following statements is most accurate about K Nearest Neighbors (KNN)?,"['KNN is a regression model.', 'KNN is an unsupervised learning method.', 'KNN is a classification model.', 'KNN can be used for both classification and regression.']",['KNN can be used for both classification and regression.']
(True/False) K Nearest Neighbors with large k tend to be the best classifiers.,"['True', 'False']",['False']
"When building a KNN classifier for a variable with 2 classes, it is advantageous to set the neighbor count k to an odd number.","['True', 'False']",['True']
The Euclidean distance between two points will always be shorter than or equal to the Manhattan distance.,"['True', 'False']",['True']
The main purpose of scaling features before fitting a k nearest neighbor model is to:,"['Ensure decision boundaries have roughly the same size for all classes', 'Ensure that features have similar influence on the distance calculation', 'Help find the appropriate value of k', 'Break ties in case there is the same number of neighbors of different classes next to a given observation']",['Ensure that features have similar influence on the distance calculation']
These are all pros of the k nearest neighbor algorithm EXCEPT:,"['It is simple to implement as it does not require parameter estimation', 'It is sensitive to the curse of dimensionality', 'It is easy to interpret', 'It adapt wells to new training data']",['It is sensitive to the curse of dimensionality']
"All of these are characteristics of SVMs, EXCEPT:","['Support Vector Machines do not return predicted probabilities.', 'Support Vector Machines use decision boundaries for classification.', 'The algorithm behind Support Vector Machines calculates hyperplanes that minimize misclassification error.', 'Support Vector Machine models are non-linear.']",['Support Vector Machine models are non-linear.']
(True/False) SVMs calculate predicted probabilities in the range between 0 and 1.,"['True', 'False']",['False']
(True/False) Any linear model can be turned into a non-linear model by applying a kernel to the model,"['True', 'False']",['True']
(True/False) SVMs with kernels are recommended for large data sets with many features,"['True', 'False']",['False']
Usually the first step to fit a support vector machine classifer model using scikit learn is to:,"['import svm from the sklearn.svm module

e.g. from sklearn.svm import svm', 'import SVM from the sklearn.classifer module

e.g. from sklearn.classifier import SVM', 'import SVC from the sklearn.svm module

e.g. from sklearn.svm import SVC', 'import support vector classifier from the sklearn.svms module

e.g. from sklearn.svms import supportvectorclassifer']","['import SVC from the sklearn.svm module

e.g. from sklearn.svm import SVC']"
Select the TRUE statement regarding the cost function for SVMs:,"['SVMs do not use a cost function. They use regularization instead of a cost function.', 'SVMs use a loss function that penalizes vectors prone to misclassification', 'SVMs use same loss function as logistic regression', 'SVMs use the Hinge Loss function as a cost function']",['SVMs use the Hinge Loss function as a cost function']
Which statement about Support Vector Machines is TRUE?,"['Support Vector Machine models are non-linear.', 'Support Vector Machine models rarely overfit on training data.', 'Support Vector Machine models can be used for classification but not for regression.', 'Support Vector Machine models can be used for regression but not for classification.']",['Support Vector Machine models rarely overfit on training data.']
(True/False) A large c term will penalize the SVM coefficients more heavily.,"['True', 'False']",['False']
Regularization in the context of support vector machine (SVM) learning is meant to _________________.,"['bring all features to a common scale to ensure they have equal weight', 'encourage the model to ignore outliers during training', 'smooth the input data to reduce the chance of overfitting', 'lessen the impact that some minor misclassifications have on the cost function']",['lessen the impact that some minor misclassifications have on the cost function']
Support vector machines can be extended to work with nonlinear classification boundaries by ___________________.,"['projecting the feature space onto a lower dimensional space', 'modifying the standard sigmoid function', 'incorporating polynomial regression', 'using the kernel trick']",['using the kernel trick']
Select the image that displays the line at the optimal point in the phone usage that the data can be split to create a decision boundary.,"['static/img/2.png', 'static/img/3.png', 'static/img/4.png', 'static/img/5.png']",['static/img/5.png']
"The below image shows the decision boundary with a clear margin, such decision boundary belongs to what type machine learning model? [Image:static/img/10.png]","['Support Vector Machine', 'Machine Learning', 'Support Version Machine', 'Super Vector Machine']",['Support Vector Machine']
"SVM with kernals can be very slow on large datasets. To speed up SVM training, which methods may you perform to map low dimensional data into high dimensional beforehand?","['RBF Sampler', 'Nystroem', 'Regularization', 'Linear SVC']","['RBF Sampler', 'Nystroem']"
"Concerning the Machine Learning workflow what model choice would you pick if you have ""Few"" features and a ""Medium"" amount of data?","['Simple, Logistic or LinearSVC', 'LinearSVC, or Kernal Approximation', 'Add features, or Logistic', 'SVC with RBF']",['SVC with RBF']
Select the image that best displays the line that separates the classes.,"['static/img/6.png', 'hstatic/img/6.png', 'static/img/6.png', 'static/img/6.png']",['static/img/6.png']
Which of the following statements about Decision Tree models is TRUE?,"['Decision Tree models are non-linear.', 'Decision Tree models rarely overfit on training data.', 'Decision Tree models can be used for classification but not for regression.', 'Decision Tree models can be used for regression but not for classification.']",['Decision Tree models are non-linear.']
(True/False) Decision Trees are considered a greedy algorithm.,"['True', 'False']",['True']
Usually the first step to fit a decision tree classifier using scikit learn is to:,"['import decision tree from the sklearn.tree module

e.g. from sklearn.tree import DecisionTree', 'import classifier from the decision tree module

e.g. from sklearn.decisiontree import Classifier', 'import decision tree classifier from the sklearn.tree module

e.g. from sklearn.tree import DecisionTreeClassifier', 'import tree classifier sklearn.decisiontree module

e.g. from sklearn.decisiontree import TreeClassifier']","['import decision tree classifier from the sklearn.tree module

e.g. from sklearn.tree import DecisionTreeClassifier']"
"These are all characteristics of decision trees, EXCEPT:","['They split nodes into leaves', 'They segment data based on features to predict results', 'They can be used for either classification or regression', 'They have well rounded decision boundaries']",['They have well rounded decision boundaries']
"Decision trees used as classifiers compute the value assigned to a leaf by calculating the ratio: number of observations of one class divided by the number of observations in that leaf E.g. number of customers that are younger than 50 years old divided by the total number of customers.How are leaf values calculated for regression decision trees?","['median value of the predicted variable', 'mode value of the predicted variable', 'average value of the predicted variable', 'weighted average value of the predicted variable']",['average value of the predicted variable']
These are two main advantages of decision trees:,"['They output both parameters and significance levels', 'They are very visual and easy to interpret', 'They do not tend to overfit and are not sensitive to changes in data', 'They are resistant to outliers and output scaled features']",['They are very visual and easy to interpret']
How can you determine the split for each node of a decision tree?,"['Find the split that induces the largest entropy.', 'Randomly select the split.', 'Find the split that minimizes the gini impurity.', 'Use a nonlinear decision boundary to find the best split.']",['Find the split that minimizes the gini impurity.']
Which of the following describes a way to regularize a decision tree to address overfitting?,"['Reduce the information gain.', 'Increase the max depth.', 'Decrease the max depth.', 'Increase the number of branches.']",['Decrease the max depth.']
What is a disadvantage of decision trees?,"['Scaling is required.', 'They tend to overfit.', 'They can get too large.', 'They are difficult to interpret.']",['They tend to overfit.']
What method can you use to minimize overfitting of a machine learning model?,"['Increase the variance of your training data.', 'Decrease the variance of your test data.', 'Choose the hyperparameters that maximize goodness of fit on your training data.', 'Tune the hyperparameters of your model using cross-validation.']",['Tune the hyperparameters of your model using cross-validation.']
"Concerning Classification algorithms, what is a characteristic of K-Nearest Neighbors?","['Training data is the model', 'The model is just parameters', 'Fitting can be slow', 'Prediction is fast']",['Training data is the model']
"Concerning Classification algorithms, what are the characteristics of Logistic Regression?","['The model is just parameters, fitting is fast, prediction is fast, and the decision boundary is flexible', 'The training data is the model, fitting is fast, predicting class for new records can be slow, and the decision boundary is flexible', 'The model is just parameters, fitting can be slow, prediction is fast, and the decision boundary is simple and less flexible', 'The training data is the model, fitting is fast, prediction is fast, and the decision boundary is flexible']","['The model is just parameters, fitting can be slow, prediction is fast, and the decision boundary is simple and less flexible']"
When evaluating all possible splits of a decision tree what can be used to find the best split regardless of what happened in prior or future steps?,"['Classification', 'Greedy Search', 'Regularization', 'Logistic regression']",['Greedy Search']
(True/False) A model that averages the predictions of multiple models reduces the variance of a single model and has high chances to generalize well when scoring new data.,"['True', 'False']",['True']
(True/False) Bagging is a tree ensemble that combines the prediction of several trees that were trained on bootstrap samples of the data.,"['True', 'False']",['True']
"(True/False) In general, a random forest can be considered a special case of bagging and it tends to have better out of sample accuracy","['True', 'False']",['True']
Usually the first step to fit a random forest classifier model using scikit learn is to:,"['import classifier ensemble from the sklearn.random forest module

e.g. from sklearn.randomforest import ClassifierEnsemble', 'import random forest from the sklearn.classifierensemble module

e.g. from sklearn.classifierensemble import RandomForest', 'import classifer from the sklearn.randomforest module

e.g. from sklearn.randomforest import Classifer', 'import random forest classifer from the sklearn.ensemble module

e.g. from sklearn.ensemble import RandomForestClassifer']","['import random forest classifer from the sklearn.ensemble module

e.g. from sklearn.ensemble import RandomForestClassifer']"
Usually the first step to fit a bagging classifier model using scikit learn is to:,"['import classifier ensemble from the sklearn.Gagging module

e.g. from sklearn.bagging import ClassifierEnsemble', 'import bagging classifier from the sklearn.ensemble module

e.g. from sklearn.ensemble import BaggingClassifier', 'import bagging from the sklearn.classifierensemble module

e.g. from sklearn.classifierensemble import Bagging', 'import classifier from the sklearn.bagging module

e.g. from sklearn.bagging import Classifier']","['import bagging classifier from the sklearn.ensemble module

e.g. from sklearn.ensemble import BaggingClassifier']"
(True/False) Bagging tends to have less overfitting than decision trees.,"['True', 'False']",['True']
(True/False) Boosting tend to be well suited for data sets with outliers and rare events.,"['True', 'False']",['True']
"All of these are characteristics of boosting algorithms, EXCEPT:","['They use the entire data set, not only bootstrapped samples', 'They use residuals from previous models', 'They create trees iteratively', 'They create trees independently']",['They create trees independently']
Usually the first step to fit a gradient boosting classifier model using scikit learn is to:,"['import classifier ensemble from the sklearn.GradientBoosting module

e.g. from sklearn.gradientboosting import ClassifierEnsemble', 'import gradient boosting from the sklearn.classifierensemble module

e.g. from sklearn.classifierensemble import GradientBoosting', 'import gradient boosting classifier from the sklearn.ensemble module

e.g. from sklearn.ensemble import GradientBoostingClassifier', 'import classifier from the sklearn.gradientboosting module

e.g. from sklearn.gradientboosting import Classifier']","['import gradient boosting classifier from the sklearn.ensemble module

e.g. from sklearn.ensemble import GradientBoostingClassifier']"
"(True/False) If you were to combine several logistic regressions using a voting ensemble, you should use a Voting Regressor.","['True', 'False']",['False']
The term Bagging stands for bootstrap aggregating.,"['True', 'False']",['True']
This is the best way to choose the number of trees to build on a Bagging ensemble.,"['Choose a number of trees past the point of diminishing returns', 'Tune number of trees as a hyperparameter that needs to be optimized', 'Choose a large number of trees, typically above 100', 'Prioratize training error metrics over out of bag sample']",['Tune number of trees as a hyperparameter that needs to be optimized']
Which type of Ensemble modeling approach is NOT a special case of model averaging?,"['Boosting methods', 'The Pasting method of Bootstrap aggregation', 'The Bagging method of Bootstrap aggregation', 'Random Forest methods']",['Boosting methods']
What is an ensemble model that needs you to look at out of bag error?,"['Random Forest', 'Stacking', 'Out of Bag Regression', 'Logistic Regression.']",['Random Forest']
What is the main condition to use stacking as ensemble method?,"['Models need to be nonparametric', 'Models need to output predicted probabilities', 'Models need to be parametric', 'Models need to output residual values for each class']",['Models need to output predicted probabilities']
This tree ensemble method only uses a subset of the features for each tree:,"['Bagging', 'Random Forest', 'Stacking', 'Adaboost']",['Random Forest']
Order these tree ensembles in order of most randomness to least randomness:,"['Random Forest, Random Trees, Bagging', 'Bagging, Random Forest, Random Trees', 'Random Forest, Bagging, Random Trees', 'Random Trees, Random Forest, Bagging']","['Random Trees, Random Forest, Bagging']"
"This is an ensemble model that does not use bootstrapped samples to fit the base trees, takes residuals into account, and fits the base trees iteratively:","['Random Trees', 'Bagging', 'Boosting', 'Random Forest']",['Boosting']
"When comparing the two ensemble methods Bagging and Boosting, what is one characteristic of Boosting?","['Only data points are considered', 'Fits entire data set', 'No weighting used', 'Bootstraped samples']",['Fits entire data set']
What is the most frequently discussed loss function in boosting algorithms?,"['Gradient Boosting Loss Function', 'AdaBoost Loss Function', 'Gradient Loss Function', '0-1 Loss Function']",['0-1 Loss Function']
What type of forest is a classification algorithm that potentially contains hundreds of different decision trees?,"['Global Forest', 'Model Forest', 'The Multiple Forest', 'Random Forest']",['Random Forest']
When describing models what type of model will feature coefficients help to explain?,"['KNN', 'Linear Model', 'SVM', 'Global Surrogate model']",['Linear Model']
What type of surrogate model tries to approximate a black-box model globally on every instance in the data set?,"['Strategic Surrogate model', 'Complex Surrogate model', 'Local Surrogate model', 'Global Surrogate model']",['Global Surrogate model']
These are all methods of dealing with unbalanced classes EXCEPT:,"['Downsampling.', 'Mix of in-sample and out-of-sample.', 'Mix of downsampling and upsampling.', 'Upsampling.']",['Mix of in-sample and out-of-sample.']
"(True/False) A best practice to build a model using unbalanced classes is to split the data first, then apply an upsample or undersample technique.","['True', 'False']",['True']
Which of the following statements about Downsampling is TRUE?,"['Downsampling preserves all the original observations.', 'Downsampling is likely to decrease Recall.', 'Downsampling is likely to decrease Precision.', 'Downsampling results in excessive focus on the more frequently-occurring class.']",['Downsampling is likely to decrease Precision.']
Which of the following statements about Random Upsampling is TRUE?,"['Random Upsampling generates observations that were not part of the original data.', 'Random Upsampling will generally lead to a higher F1 score.', 'Random Upsampling results in excessive focus on the more frequently-occurring class.', 'Random Upsampling preserves all original observations.']",['Random Upsampling preserves all original observations.']
Which of the following statements about Synthetic Upsampling is TRUE?,"['Synthetic Upsampling results in excessive focus on the more frequently-occurring class.', 'Synthetic Upsampling uses fewer hyperparameters than Random Upsampling.', 'Synthetic Upsampling will generally lead to a higher F1 score.', 'Synthetic Upsampling generates observations that were not part of the original data.']",['Synthetic Upsampling generates observations that were not part of the original data.']
What can help humans to interpret the behaviors and methods of Machine Learning models more easily?,"['Model Trust', 'Model Debug', 'Explanation Debug', 'Model Explanations']",['Model Explanations']
What type of explanation method can be used to explain different types of Machine Learning models no matter the model structures and complexity?,"['Model-Agnostic Explanations', 'Model Trust Explanations', 'Local Interpretable Model-Agnostic Explanations (LIME)', 'Model Explanations']",['Model-Agnostic Explanations']
What reason might a Global Surrogate model fail?,"['Single data instance groups', 'Large inconsistency between surrogate models and black-box models', 'Consistency between surrogate models and black-box models', 'Single clusters in the data instance groups']",['Large inconsistency between surrogate models and black-box models']
"When working with unbalanced sets, what should be done to the samples so the class balance remains consistent in both the train and test set?","['Use oversampling', 'Apply weighted observations', 'Use a combination of oversampling and undersampling', 'Stratify the samples']",['Stratify the samples']
What approach are you using when trying to increase the size of a minority class so that it is similar to the size of the majority class?,"['Random Oversampling', 'Oversampling', 'Undersampling', 'Synthetic Oversampling']",['Oversampling']
What approach are you using when you create a new sample of a minority class that does not yet exist?,"['Weighting', 'Random Oversampling', 'Synthetic Oversampling', 'Oversampling']",['Synthetic Oversampling']
What intuitive technique is used for unbalanced datasets that ensures a continuous downsample for each of the bootstrap samples?,"['Downsampling', 'SMOTE', 'Upsampling', 'Blagging']",['Blagging']
Which statement about unsupervised algorithms is TRUE?,"['Unsupervised algorithms are relevant when we have outcomes we are trying to predict.', 'Unsupervised algorithms are relevant when we don’t have the outcomes we are trying to predict and when we want to break down our data set into smaller groups.', 'Unsupervised algorithms are typically used to forecast time related patterns like stock market trends or sales forecasts.', 'Unsupervised algorithms are relevant in cases that require explainability, for example comparing parameters from one model to another.']",['Unsupervised algorithms are relevant when we don’t have the outcomes we are trying to predict and when we want to break down our data set into smaller groups.']
What is one of the real-world solutions to fix the problems of the curse dimensionality?,"['Increase the size of the data set', 'Use more computational power', 'Reduce the dimension of the data set.', 'Balance the classes of a data set']",['Reduce the dimension of the data set.']
Which statement is a common use of Dimension Reduction in the real world?,"['Image tracking', 'Explaining the relation between the amount of alcohol consumption and diabetes.', 'Deep Learning', 'Predicting whether a customer will return to a store to make a major purchase.']",['Image tracking']
Which of the following statements best describes the iterative part of the K-means algorithm?,"['The k-means algorithm assigns a number of clusters at random.', 'The k-means algorithm adjusts the centroids to the new mean of each cluster, and then it keeps repeating this process until no example is assigned to another cluster.', 'The k-means algorithm iteratively deletes outliers.', 'The k-means algorithm iteratively calculates the distance from each point to the centroid of each cluster.']","['The k-means algorithm adjusts the centroids to the new mean of each cluster, and then it keeps repeating this process until no example is assigned to another cluster.']"
Which statement describes better “the smarter initialization of K-mean clusters?,"['“Draw a line between the data points to create 2 big clusters.”', '“After we find our centroids, we calculate the distance between all our data points.”', '“Pick one random point, as initial point, and for the second point, instead of picking it randomly, we prioritize by assigning the probability of the distance.”', '“We start by having two centroids as far as possible between each other.”']","['“Pick one random point, as initial point, and for the second point, instead of picking it randomly, we prioritize by assigning the probability of the distance.”']"
What happens with our second cluster centroid when we use the probability formula?,"['When we use the probability formula, we put less weight on the points that are far away. So, our second cluster centroid is likely going to be closer.', 'When we use the probability formula, we put more weight on the points that are far away. So, our second cluster centroid is likely going to be more distant.', 'When we use the probability formula, we put more weight on the lighter centroids, because it will take more computational power to draw our clusters. So, the second cluster centroid is likely going to be less distant.', 'When we use the probability formula, we put less weight on the points that are far away. So, our second cluster centroid is likely going to be more distant.']","['When we use the probability formula, we put more weight on the points that are far away. So, our second cluster centroid is likely going to be more distant.']"
What is the implication of a small standard deviation of the clusters?,"['A small standard deviation of the clusters defines the size of the clusters.', 'The standard deviation of the cluster defines how tightly around each one of the centroids are. With a small standard deviation, the points will be closer to the centroids.', 'The standard deviation of the cluster defines how tightly around each one of the centroids are. With a small standard deviation, we can’t find any centroids.', 'A small standard deviation of the clusters means that the centroids are not close enough to each other.']","['The standard deviation of the cluster defines how tightly around each one of the centroids are. With a small standard deviation, the points will be closer to the centroids.']"
"After we plot our elbow and we find the inflection point, what does that point indicate to us?","['The ideal number of clusters.', 'The data points we need to form a cluster', 'How we can reduce our number of clusters.', 'Whether we need to remove outliers.']",['The ideal number of clusters.']
What is one of the most suitable ways to choose K when the number of clusters is unclear?,"['You can start by choosing a random number of clusters.', 'By evaluating Clustering performance such as Inertia and Distortion.', 'By increasing the number of clusters calculating the square root.', 'You can start by using a k nearest neighbor method.']",['By evaluating Clustering performance such as Inertia and Distortion.']
Which statement describes correctly the use of distortion and inertia?,"['When the sum of the points  equals a prime number, use inertia, and when the sum of the points equals a pair number, use distortion.', 'When  we can calculate a number of clusters higher than 10, we use distortion, when we calculate a number of clusters smaller than 10, we use inertia.', 'When outliers are a concern use inertia, otherwise use distortion.', 'When the similarity of the points in the cluster are more important, you should use distortion, and if you are more concerned that clusters have similar numbers of points, then you should use inertia.']","['When the similarity of the points in the cluster are more important, you should use distortion, and if you are more concerned that clusters have similar numbers of points, then you should use inertia.']"
Which method is commonly used to select the right number of clusters?,"['The elbow method.', 'The ROC curve.', 'The perfect Square Method', 'The Sum of Square Method']",['The elbow method.']
What is the other name we can give to the L1 distance?,"['Hamming Distance', 'Euclidean Distance', 'Manhattan Distance', 'Mahalanobis Distance']",['Manhattan Distance']
What is the key feature for the Jaccard Distance?,"['It takes into acount the angle between 2 points.', 'It is obtained by adding up the absolute value of each term.', 'It describes distance by squaring each term, adding and squaring them.', 'It looks at the difference and similarities for sets of values.']",['It looks at the difference and similarities for sets of values.']
What is an advantage of the L1 distance over L2?,"['It  shows the difference between sets of values.', 'It can better handle high dimensional data.', ""It's useful for coordinate based measurements."", ""It's better for data where location of occurrence is less important.""]",['It can better handle high dimensional data.']
What is the other name we can give to the L2 distance?,"['Manhattan Distance', 'Euclidean Distance', 'Mahalanobis Distance', 'Hamming Distance']",['Euclidean Distance']
Which of the following statements is a business case for the use of the Manhattan distance (L1)?,"['We use it in business cases with outliers.', 'We use it in business cases where there is low dimensionality.', 'We use it in business cases where there is very high dimensionality.', 'We use it in business cases where the dimensionality is unknown.']",['We use it in business cases where there is very high dimensionality.']
What is the key feature for the Cosine Distance?,"['It is not sensitive to the size of the data set.', 'The size of the curve.', 'It is sensitive to the size of the data set.', 'The Cosine Distance, which takes into acount the angle between 2 points.']","['The Cosine Distance, which takes into acount the angle between 2 points.']"
The following statement is an example of a business case where we can use the Cosine Distance?,"['Cosine is better for data such as text where location of occurrence is less important.', 'Cosine distance is less sensitive to the curse of dimensionality', 'Cosine distance is more sensitive to the curse of dimensionality', 'Cosine is useful for coordinate based measurements.']",['Cosine is better for data such as text where location of occurrence is less important.']
Which distance metric is useful when we have text documents and we want to group similar topics together?,"['Mahalanobis Distance', 'Euclidean', 'Jaccard', 'Manhattan Distance']",['Jaccard']
Why do we need a stopping criterion when we are using the HAC?,"['The algorithm will turn our data into small clusters.', 'The algorithm will turn our data into just one cluster.', 'The algorithm will not start working if we don’t assign a number of clusters.', 'The stopping criterion ensures centroids are calculated correctly.']",['The algorithm will turn our data into just one cluster.']
"According to the DBSCAN required inputs, which statement describes the n_clu input?","[""It's the function to calculate distance."", ""It's the radius of local neighborhood."", 'It determines density threshold (for fixed Ɛ) (The minimum amount of points for a particular point to be consider a core point of a cluster).', ""It's the maximum amount of observations for a particular point to be consider a core point of a cluster.""]",['It determines density threshold (for fixed Ɛ) (The minimum amount of points for a particular point to be consider a core point of a cluster).']
How is a core point defined in the DBSCAN algorithm?,"['A point that has no points in its Ɛ-neighborhood.', 'A point that has the same amount of n_clu neighbors within and outside the Ɛ-neighborhood.', 'An Ɛ-neighbor point than has fewer than n_clu neighbors itself.', 'A point that has more than n_clu neighbors in their Ɛ-neighborhood.']",['A point that has more than n_clu neighbors in their Ɛ-neighborhood.']
Which of the following statements is a characteristic of the DBSCAN algorithm?,"['Can handle tons of data and weird shapes.', 'Finds uneven cluster sizes (one is big, some are tiny).', 'It will do a great performance finding many clusters.', 'It will do a great performance finding few clusters.']",['Can handle tons of data and weird shapes.']
Which of the following statements is a characteristic of the Hierarchical Clustering (Ward) algorithm?,"['If we use a mini batch to find our centroids and clusters this will find our clusters fairly quickly.', 'It offers a lot of distance metrics and linkage options.', 'Too small epsilon (too many clusters) is not trustworthy.', 'Too large epsilon (too few clusters) is not trustworthy.']",['It offers a lot of distance metrics and linkage options.']
Which of the following statements is a characteristic of the Mean Shift algorithm?,"['Does not require to set the number of clusters; the number of clusters will be determined.', 'Bad with non-spherical cluster shapes.', 'You need to decide the number of clusters on your own, choosing the numbers directly or the minimum distance threshold.', 'Good with non-spherical cluster shapes.']",['Does not require to set the number of clusters; the number of clusters will be determined.']
"When using DBSCAN, how does the algorithm determine that a cluster is complete and is time to move to a different point of the data set and potentially start a new cluster?","['When the algorithm requires you to change the input.', 'When the algorithm forms a new cluster using the outliers.', 'When no point is left unvisited by the chain reaction.', 'When the solution converges to a single cluster.']",['When no point is left unvisited by the chain reaction.']
Which of the following statements correctly defines the strengths of the DBSCAN algorithm?,"['No need to specify the number of clusters (cf. K-means), allows for noise, and can handle arbitrary-shaped clusters.', 'Do well with different density, works with just one parameter, the n_clu defines itself.', 'The algorithm will find the outliers first, draw regular shapes, works faster than other algorithms.', 'The algorithm is computationally intensive, it is sensitive to outliers, and it requires few hyperparameters to be tuned.']","['No need to specify the number of clusters (cf. K-means), allows for noise, and can handle arbitrary-shaped clusters.']"
Which of the following statements correctly defines the weaknesses of the DBSCAN algorithm?,"['The clusters it find might not be trustworthy, it needs noisy data to work, and it can’t handle subgroups.', 'It needs two parameters as input, finding appropriate values of Ɛ and n_clu can be difficult, and it does not do well with clusters of different density.', 'The algorithm will find the outliers first, it draws regular shapes, and it works faster than other algorithms.', 'The algorithm is computationally intensive, it is sensitive to outliers, and it requires too many hyperparameters to be tuned.']","['It needs two parameters as input, finding appropriate values of Ɛ and n_clu can be difficult, and it does not do well with clusters of different density.']"
(True/false) Does complete linkage refers to the maximum pairwise distance between clusters?,"['True', 'False']",['True']
Which of the following measure methods computes the inertia and pick the pair that is going to ultimately minimize the inertia value?,"['Single linkage', 'Average linkage', 'Ward linkage', 'Complete linkage']",['Ward linkage']
What is the purpose of dimensionality reduction in enterprise datasets?,"['To improve model performance by providing a ranking of the features and maximizing the features used.', 'To improve model performance by reducing the number of features used.', 'To create clusters for grouping data points.', 'To predict the target with the best accuracy.']",['To improve model performance by reducing the number of features used.']
(True/False) Principal Component Analysis reduces dimensions by identifying features that can be excluded.,"['True', 'False']",['False']
"Let's say that PCA found two principal components v1 and v2. v1 accounts for 0.5 of the total amount of variance in our dataset and v2 accounts for 0.24. Which one is more important and why?","['v1 because we will be able to maintain more of the original variance in the dataset.', 'v1 because it reduces 50% of the total variance in the dataset.', 'v2 because it accounts for lower variance in the dataset.', 'v2 because it reduces the amount of variance in the dataset.']",['v1 because we will be able to maintain more of the original variance in the dataset.']
"Select the option that best completes the following sentence:

For data with many features, principal components analysis","['identifies which features can be safely discarded', 'reduces the number of features without losing any information.', 'establishes a minimum number of viable features for use in the analysis.', 'generates new features that are linear combinations of the original features.']",['generates new features that are linear combinations of the original features.']
"Which option correctly lists the steps for implementing PCA in Python?

1. Fit PCA to data
2. Scale the data
3. Determine the desired number of components based on total explained variance
4. Define a PCA object","['4, 1, 3, 2', '2, 1, 3, 4', '4, 1, 2, 3', '2, 4, 1, 3']","['2, 4, 1, 3']"
"Given the following matrix for lengths of singular vectors, how do we rank the vectors in terms of importance?

[[11, 0, 0, 0],
[0, 3, 0, 0],
[0, 0, 2, 0],
[0, 0, 0, 1]]

v1,v2,v3,v4​","['v1,v2,v3,v4', 'v4,v3,v2,v1', 'v1,v4,v3,v2', 'v2,v3,v4,v1']","['v1,v2,v3,v4']"
"Given two principal components v1,v2, let's say that feature f1 contributed 0.15 to v1 and 0.25 to v2. Feature f2 contributed -0.11 to v1 and 0.4 to v2. Which feature is more important according to their total contribution to the components?","['v1 because 0.15+0.25>−0.11+0.4', 'v2 because −0.11+0.4<0.15+0.25', 'v2 because ∣−0.11∣+∣0.4∣>∣0.15∣+∣0.25∣', 'Neither']",['v2 because ∣−0.11∣+∣0.4∣>∣0.15∣+∣0.25∣']
"(True/False) In PCA,  the first principal component represents the most important feature in the dataset.","['True', 'False']",['False']
"Given the data visualized below with the classes represented by different colors, should PCA or kernel PCA be used, and why? [Image: static/img/1.png]","['Either is fine because the two classes are clearly separable.', 'Kernel PCA because the data is not linearly separable.', 'Neither because the data cannot be projected onto a lower dimension.', 'PCA because the data is clearly separable when projected onto a lower dimension.']",['Kernel PCA because the data is not linearly separable.']
How does the goal of MDS (Multidimensional Scaling) compare to PCA?,"['Both MDS and PCA try to to maintain geometric distances between data points.', 'Both MDS and PCA try to preserve variance within data.', 'MDS tries to maintain geometric distances between data points, whereas PCA tries to preserve variance within data.', 'PCA tries to maintain geometric distances between data points, whereas MDS tries to preserve variance within data.']","['MDS tries to maintain geometric distances between data points, whereas PCA tries to preserve variance within data.']"
"(True/False) If the number of components is equal to the dimension of the original features, kernel PCA will reconstruct the data, returning the original.","['True', 'False']",['False']
What is the main difference between kernel PCA and linear PCA?,"['The objective of linear PCA is to decrease the dimensionality of the space whereas the objective of Kernel PCA is to increase the dimensionality of the space.', 'Kernel PCA tend to uncover non-linearity structure within the dataset by increasing the dimensionality of the space thanks to the kernel trick.', 'Kernel PCA and Linear PCA are both Linear dimensionality reduction algorithm but they use a different optimization method.', 'Kernel PCA tend to preserve the geometric distances between the points while reducing the dimensionality of the space.']",['Kernel PCA tend to uncover non-linearity structure within the dataset by increasing the dimensionality of the space thanks to the kernel trick.']
(True/False) Multi-Dimensional Scaling (MDS) focuses on maintaining the geometric distances between points.,"['True', 'False']",['True']
Which of the following data types is more suitable for Kernel PCA than PCA?,"['Data where the classes are not linearly separable.', 'Data with linearly separable classes.', 'Data that do not need to be mapped to a higher dimension to distinguish categories.', 'None; they can be used interchangeably.']",['Data where the classes are not linearly separable.']
"By applying MDS, you are able to:","['Maximize distance between data points in a lower dimension.', 'Attain higher dimensions for the features.', 'Find embeddings for points so that their distance is the most similar to the original distance.', 'Preserve variance within the original data.']",['Find embeddings for points so that their distance is the most similar to the original distance.']
Which one of the following hyperparameters is NOT considered when using GridSearchCV for Kernel PCA?,"['n_clusters', 'n_components', 'gamma', 'kernels']",['n_clusters']
What is a key difference between NMF and PCA?,"['PCA finds a representation of the data in a lower dimension, whereas NMF does not.', 'The input matrix for NMF consists of only positive values.', ""NMF requires orthogonal vectors created, whereas such constraint doesn't apply for PCA."", 'NMF decomposes the original matrix, whereas PCA does not.']",['The input matrix for NMF consists of only positive values.']
In which case would you prefer using PCA over NMF?,"['When you have a linear combination of features.', 'When cancelling out with negative values is not desired.', 'When you want to decompose videos, music, or images.', 'When the original decomposition strictly contains positive values.']",['When you have a linear combination of features.']
Which of the following is the most suitable for NMF?,"['Reconstruct a text document with learned topics (features).', 'Analyze potential movements and relationships of multiple stocks.', 'Predict the price of a rental space based on location, facility, and average rent in the surrounding area.', 'Learn features for a dataset in which negative values are highly insightful and valuable.']",['Reconstruct a text document with learned topics (features).']
"(True/False) In some applications, NMF can make for more human interpretable latent features.","['True', 'False']",['True']
Which of the following set of features is the least adapted to NMF?,"['Word Count of the different words present in a text.', 'Pixel color values of a an Image.', 'Spectral decomposition of an audio file.', 'Monthly returns of a set of stock portfolios.']",['Monthly returns of a set of stock portfolios.']
(True/False) The NMF can produce different outputs depending on its initialization.,"['True', 'False']",['True']
"Which option is the sparse representation of the matrix below?

[(1, 1, 2), (1, 2, 3), (3, 4, 1), (2, 4, 4), (4, 3, 1)]","['[[2 0 0 0],
[0 3 0 0],
[0 0 0 1],
[0 4 1 0]]', '[[0 0 0 1],
[0 2 0 0],
[0 0 0 3],
[0 4 1 0]]', '[[1 0 0 0],
[0 3 0 0],
[0 2 0 0],
[0 0 4 2]]', '[[0 0 0 2],
[0 3 4 0],
[0 0 0 0],
[0 0 1 0]]']","['[[2 0 0 0],
[0 3 0 0],
[0 0 0 1],
[0 4 1 0]]']"
"In Practice lab: Non-Negative Matrix Factorization, why did we use ""pairwise_distances"" from scikit-learn?","['To calculate the maximum pairwise distance between points in the dataset.', 'To calculate the pairwise distance between NMF encoded version of the original dataset and the encoded query dataset.', 'To calculate the pairwise distance between data points for eliminating outliers.', 'To calculate the pairwise distance between points of the NMF encoded version of the original dataset.']",['To calculate the pairwise distance between NMF encoded version of the original dataset and the encoded query dataset.']
